Nom;Type (indicatif);Actif en France (étude CE);Actions collectives;Lien;Type de lien
Deminor Litigation Funding;Financeur de contentieux;Oui;Oui;https://www.deminor.com;Site officiel
Omni Bridgeway;Financeur de contentieux;Oui;Oui;https://omnibridgeway.com;Site officiel
Bench Walk Advisors;Financeur de contentieux;Oui;;https://www.benchwalk.com;Site officiel
Fortress Investment Group;Hedge fund / fonds d'investissement;Oui;;https://www.fortress.com;Site officiel
IVO Capital Partners;Financeur de contentieux;Oui;;https://www.google.com/search?q=IVO+Capital+Partners+litigation+funding;Recherche web
Profile Investment;Autre / non précisé;Oui;;https://www.google.com/search?q=Profile+Investment+litigation+funding;Recherche web
Burford Capital;Financeur de contentieux;;Oui;https://www.burfordcapital.com;Site officiel
CDC (Cartel Damages Claims) Consulting SRL;Plateforme de réclamations / actions de masse;;Oui;https://www.google.com/search?q=CDC++Consulting+SRL+litigation+funding;Recherche web
ConsumentenClaim;Plateforme de réclamations / actions de masse;;Oui;https://www.google.com/search?q=ConsumentenClaim+litigation+funding;Recherche web
Consumer Justice Network BV;Plateforme de réclamations / actions de masse;;Oui;https://www.google.com/search?q=Consumer+Justice+Network+BV+litigation+funding;Recherche web
Consumer Privacy Litigation Funding LP;Plateforme de réclamations / actions de masse;;Oui;https://www.google.com/search?q=Consumer+Privacy+Litigation+Funding+LP+litigation+funding;Recherche web
DRRT;Cabinet d'avocats;;Oui;https://www.google.com/search?q=DRRT+litigation+funding;Recherche web
Emission Claim Trust BV;Plateforme de réclamations / actions de masse;;Oui;https://www.google.com/search?q=Emission+Claim+Trust+BV+litigation+funding;Recherche web
financialright claims GmbH;Plateforme de réclamations / actions de masse;;Oui;https://www.google.com/search?q=financialright+claims+GmbH+litigation+funding;Recherche web
Grant & Eisenhofer;Cabinet d'avocats;;Oui;https://www.gelaw.com;Site officiel
Hagens Berman;Cabinet d'avocats;;Oui;https://www.hbsslaw.com;Site officiel
Harbour Litigation Funding;Financeur de contentieux;;Oui;https://www.harbourlitigationfunding.com;Site officiel
Hausfeld;Cabinet d'avocats;;Oui;https://www.hausfeld.com;Site officiel
Innsworth Capital Limited;Financeur de contentieux;;Oui;https://innsworth.com;Site officiel
Ius Omnibus;Plateforme de réclamations / actions de masse;;Oui;https://www.google.com/search?q=Ius+Omnibus+litigation+funding;Recherche web
Lieff Cabraser Heimann & Bernstein;Cabinet d'avocats;;Oui;https://www.lieffcabraser.com;Site officiel
Litifund BV;Financeur de contentieux;;Oui;https://www.google.com/search?q=Litifund+BV+litigation+funding;Recherche web
Litigation Capital Management;Financeur de contentieux;;Oui;https://www.lcmfinance.com;Site officiel
Milberg;Cabinet d'avocats;;Oui;https://milberg.com;Site officiel
myRight Verbraucherrechte GmbH;Plateforme de réclamations / actions de masse;;Oui;https://www.myright.de;Site officiel
Pogust Goodhead;Cabinet d'avocats;;Oui;https://www.pogustgoodhead.com;Site officiel
Redbreast Associates N.V;Autre / non précisé;;Oui;https://www.google.com/search?q=Redbreast+Associates+N.V+litigation+funding;Recherche web
Right to Consumer Justice BV;Plateforme de réclamations / actions de masse;;Oui;https://www.google.com/search?q=Right+to+Consumer+Justice+BV+litigation+funding;Recherche web
Therium Capital Management;Financeur de contentieux;;Oui;https://www.therium.com;Site officiel
Woodsford Group Limited;Financeur de contentieux;;Oui;https://woodsford.com;Site officiel
1624 LLC;Brevets / propriété intellectuelle;;;https://www.google.com/search?q=1624+LLC+litigation+funding;Recherche web
AC – Prozessfinanzierer GmbH;Financeur de contentieux;;;https://www.google.com/search?q=AC+%E2%80%93+Prozessfinanzierer+GmbH+litigation+funding;Recherche web
Acacia Research;Brevets / propriété intellectuelle;;;https://acaciaresearch.com;Site officiel
Acivo Prozessfinanzierung;Financeur de contentieux;;;https://www.google.com/search?q=Acivo+Prozessfinanzierung+litigation+funding;Recherche web
Actiofund;Financeur de contentieux;;;https://www.google.com/search?q=Actiofund+litigation+funding;Recherche web
Advofin Prozessfinanzierung AG;Financeur de contentieux;;;https://www.google.com/search?q=Advofin+Prozessfinanzierung+AG+litigation+funding;Recherche web
AEQUIFIN GmbH und Co. KGaA;Autre / non précisé;;;https://www.google.com/search?q=AEQUIFIN+GmbH+und+Co.+KGaA+litigation+funding;Recherche web
Afectados por las Petroleras Dos s.a.r.l. (Lux);Plateforme de réclamations / actions de masse;;;https://www.google.com/search?q=Afectados+por+las+Petroleras+Dos+s.a.r.l.+litigation+funding;Recherche web
Afectados por las Petroleras SRL II (Lux);Plateforme de réclamations / actions de masse;;;https://www.google.com/search?q=Afectados+por+las+Petroleras+SRL+II+litigation+funding;Recherche web
AiPi Solutions;Brevets / propriété intellectuelle;;;https://www.google.com/search?q=AiPi+Solutions+litigation+funding;Recherche web
Airhelp;Plateforme de réclamations / actions de masse;;;https://www.airhelp.com;Site officiel
Aktiengesellschaft für Umsatzfinanzierung S.A;Financeur de contentieux;;;https://www.google.com/search?q=Aktiengesellschaft+f%C3%BCr+Umsatzfinanzierung+S.A+litigation+funding;Recherche web
Anjay Venture Partners;Hedge fund / fonds d'investissement;;;https://www.google.com/search?q=Anjay+Venture+Partners+litigation+funding;Recherche web
Annecto;Autre / non précisé;;;https://www.google.com/search?q=Annecto+litigation+funding;Recherche web
Antin Infrastructure Partners;Hedge fund / fonds d'investissement;;;https://www.antin-ip.com;Site officiel
Arag;Assureur / courtier;;;https://www.arag.com;Site officiel
Arigna Technology Ltd;Brevets / propriété intellectuelle;;;https://www.google.com/search?q=Arigna+Technology+Ltd+litigation+funding;Recherche web
Arista Capital;Hedge fund / fonds d'investissement;;;https://www.google.com/search?q=Arista+Capital+litigation+funding;Recherche web
Armida UG;Autre / non précisé;;;https://www.google.com/search?q=Armida+UG+litigation+funding;Recherche web
Ashurst;Cabinet d'avocats;;;https://www.ashurst.com;Site officiel
Atlantic IP Services Limited (Magnetar Capital);Hedge fund / fonds d'investissement;;;https://www.google.com/search?q=Atlantic+IP+Services+Limited+litigation+funding;Recherche web
Augusta Ventures;Financeur de contentieux;;;https://www.augustaventures.com;Site officiel
Axia Funders;Financeur de contentieux;;;https://www.google.com/search?q=Axia+Funders+litigation+funding;Recherche web
B&K Prozessfinanzierung GmbH;Financeur de contentieux;;;https://www.google.com/search?q=B%26K+Prozessfinanzierung+GmbH+litigation+funding;Recherche web
Badura Resources B.V;Autre / non précisé;;;https://www.google.com/search?q=Badura+Resources+B.V+litigation+funding;Recherche web
Baker Street Funding;Financeur de contentieux;;;https://www.google.com/search?q=Baker+Street+Funding+litigation+funding;Recherche web
BALMORAL WOOD;Autre / non précisé;;;https://www.google.com/search?q=BALMORAL+WOOD+litigation+funding;Recherche web
Baltic Litigation Fund;Financeur de contentieux;;;https://www.google.com/search?q=Baltic+Litigation+Fund+litigation+funding;Recherche web
Bardin Hill Investment Partners (formerly known as Halcyon Capital Management);Hedge fund / fonds d'investissement;;;https://www.google.com/search?q=Bardin+Hill+Investment+Partners+litigation+funding;Recherche web
BE CAUSE SICAF S.p.A;Autre / non précisé;;;https://www.google.com/search?q=BE+CAUSE+SICAF+S.p.A+litigation+funding;Recherche web
Bedrock IP Co;Brevets / propriété intellectuelle;;;https://www.google.com/search?q=Bedrock+IP+Co+litigation+funding;Recherche web
Bellavista Capital GmbH;Financeur de contentieux;;;https://www.google.com/search?q=Bellavista+Capital+GmbH+litigation+funding;Recherche web
Bentham;Financeur de contentieux;;;https://www.google.com/search?q=Bentham+litigation+funding;Recherche web
BGPL Funding I Limited;Financeur de contentieux;;;https://www.google.com/search?q=BGPL+Funding+I+Limited+litigation+funding;Recherche web
Blue Nebula GmbH;Autre / non précisé;;;https://www.google.com/search?q=Blue+Nebula+GmbH+litigation+funding;Recherche web
BlueIron;Autre / non précisé;;;https://www.google.com/search?q=BlueIron+litigation+funding;Recherche web
BMS Procesfinanciering;Financeur de contentieux;;;https://www.google.com/search?q=BMS+Procesfinanciering+litigation+funding;Recherche web
BR IP Ventures LP (Brickell Key Asset Management);Hedge fund / fonds d'investissement;;;https://www.google.com/search?q=BR+IP+Ventures+LP+litigation+funding;Recherche web
Bradeum AG;Autre / non précisé;;;https://www.google.com/search?q=Bradeum+AG+litigation+funding;Recherche web
Brevet Capital;Hedge fund / fonds d'investissement;;;https://www.google.com/search?q=Brevet+Capital+litigation+funding;Recherche web
Brickell Key Investments;Hedge fund / fonds d'investissement;;;https://www.google.com/search?q=Brickell+Key+Investments+litigation+funding;Recherche web
Bryson & Mason;Cabinet d'avocats;;;https://www.google.com/search?q=Bryson+%26+Mason+litigation+funding;Recherche web
Cabraser;Cabinet d'avocats;;;https://www.google.com/search?q=Cabraser+litigation+funding;Recherche web
Calunius Capital;Financeur de contentieux;;;https://www.calunius.com;Site officiel
Capaz Procesfinanciering;Financeur de contentieux;;;https://www.google.com/search?q=Capaz+Procesfinanciering+litigation+funding;Recherche web
CasinoVerlust;Plateforme de réclamations / actions de masse;;;https://www.google.com/search?q=Casino%02Verlust+litigation+funding;Recherche web
Casinohelp;Plateforme de réclamations / actions de masse;;;https://www.google.com/search?q=Casinohelp+litigation+funding;Recherche web
Casinoklage;Plateforme de réclamations / actions de masse;;;https://www.google.com/search?q=Casinoklage+litigation+funding;Recherche web
Centerbridge Partners;Hedge fund / fonds d'investissement;;;https://www.centerbridge.com;Site officiel
CF Taupe Ltd;Autre / non précisé;;;https://www.google.com/search?q=CF+Taupe+Ltd+litigation+funding;Recherche web
CF Tipan Van LF Ltd;Autre / non précisé;;;https://www.google.com/search?q=CF+Tipan+Van+LF+Ltd+litigation+funding;Recherche web
CFI;Autre / non précisé;;;https://www.google.com/search?q=CFI+litigation+funding;Recherche web
CFLA;Autre / non précisé;;;https://www.google.com/search?q=CFLA+litigation+funding;Recherche web
Chargeback24 GmbH;Plateforme de réclamations / actions de masse;;;https://www.google.com/search?q=Chargeback24+GmbH+litigation+funding;Recherche web
Citizens’ Voice;Plateforme de réclamations / actions de masse;;;https://www.google.com/search?q=Citizens%E2%80%99+Voice+litigation+funding;Recherche web
Claimbnb;Plateforme de réclamations / actions de masse;;;https://www.google.com/search?q=Claimbnb+litigation+funding;Recherche web
Claims Funding Europe;Plateforme de réclamations / actions de masse;;;https://www.google.com/search?q=Claims+Funding+Europe+litigation+funding;Recherche web
ClaimShare;Plateforme de réclamations / actions de masse;;;https://www.google.com/search?q=ClaimShare+litigation+funding;Recherche web
Clyde & Co;Cabinet d'avocats;;;https://www.clydeco.com;Site officiel
COBIN claims (COnsumers-Business-INvestor);Plateforme de réclamations / actions de masse;;;https://www.google.com/search?q=COBIN+claims+litigation+funding;Recherche web
COMPEL s.r.o;Autre / non précisé;;;https://www.google.com/search?q=COMPEL+s.r.o+litigation+funding;Recherche web
Connected Capital GmbH;Financeur de contentieux;;;https://www.google.com/search?q=Connected+Capital+GmbH+litigation+funding;Recherche web
Consumer Justice Legal Fund Trust (managed by Colony Trust Company LLC);Plateforme de réclamations / actions de masse;;;https://www.google.com/search?q=Consumer+Justice+Legal+Fund+Trust+litigation+funding;Recherche web
Contingency Capital;Hedge fund / fonds d'investissement;;;https://www.google.com/search?q=Contingency+Capital+litigation+funding;Recherche web
Corpocon Legal BV;Financeur de contentieux;;;https://www.google.com/search?q=Corpocon+Legal+BV+litigation+funding;Recherche web
CPC Consulting PM Cloud Services SRL;Autre / non précisé;;;https://www.google.com/search?q=CPC+Consulting+PM+Cloud+Services+SRL+litigation+funding;Recherche web
Creditale GmbH;Autre / non précisé;;;https://www.google.com/search?q=Creditale+GmbH+litigation+funding;Recherche web
D.E. Shaw Group;Hedge fund / fonds d'investissement;;;https://www.deshaw.com;Site officiel
DAS;Assureur / courtier;;;https://www.google.com/search?q=DAS+litigation+funding;Recherche web
Davidson Kempner European Partners LLP;Hedge fund / fonds d'investissement;;;https://www.davidsonkempner.com;Site officiel
Dea Dia PF I GmbH;Autre / non précisé;;;https://www.google.com/search?q=Dea+Dia+PF+I+GmbH+litigation+funding;Recherche web
Debeo GmbH;Autre / non précisé;;;https://www.google.com/search?q=Debeo+GmbH+litigation+funding;Recherche web
Delta Capital Partners;Hedge fund / fonds d'investissement;;;https://www.google.com/search?q=Delta+Capital+Partners+litigation+funding;Recherche web
DLA Piper (through its independent funding company Aldersgate Funding Limited);Cabinet d'avocats;;;https://www.dlapiper.com;Site officiel
Dominion Harbor;Brevets / propriété intellectuelle;;;https://www.google.com/search?q=Dominion+Harbor+litigation+funding;Recherche web
dP die Prozessfinanzierer GmbH;Financeur de contentieux;;;https://www.google.com/search?q=dP+die+Prozessfinanzierer+GmbH+litigation+funding;Recherche web
Droogteschade Nederland CV (managed by Redbreast Associates NV);Plateforme de réclamations / actions de masse;;;https://www.google.com/search?q=Droogteschade+Nederland+CV+litigation+funding;Recherche web
Druga fundacija d.o.o;Financeur de contentieux;;;https://www.google.com/search?q=Druga+fundacija+d.o.o+litigation+funding;Recherche web
Dynamic IP Deals LLC (doing business as DynaIP);Brevets / propriété intellectuelle;;;https://www.google.com/search?q=Dynamic+IP+Deals+LLC+litigation+funding;Recherche web
East-West Debt;Autre / non précisé;;;https://www.google.com/search?q=East-West+Debt+litigation+funding;Recherche web
Easy Claims (Goodall Capital k.s.);Plateforme de réclamations / actions de masse;;;https://www.google.com/search?q=Easy+Claims+litigation+funding;Recherche web
EasyClaims Deutschland GmbH;Plateforme de réclamations / actions de masse;;;https://www.google.com/search?q=EasyClaims+Deutschland+GmbH+litigation+funding;Recherche web
Eaton Hall Funding LLC (a Delaware based fund);Financeur de contentieux;;;https://www.google.com/search?q=Eaton+Hall+Funding+LLC+litigation+funding;Recherche web
Elco Investor Services LLC;Autre / non précisé;;;https://www.google.com/search?q=Elco+Investor+Services+LLC+litigation+funding;Recherche web
Elliott Management;Hedge fund / fonds d'investissement;;;https://www.elliottmgmt.com;Site officiel
Empyrean Capital partners;Hedge fund / fonds d'investissement;;;https://www.google.com/search?q=Empyrean+Capital+partners+litigation+funding;Recherche web
Equilib Netherlands BV;Autre / non précisé;;;https://www.google.com/search?q=Equilib+Netherlands+BV+litigation+funding;Recherche web
Erso Capital;Financeur de contentieux;;;https://www.google.com/search?q=Erso+Capital+litigation+funding;Recherche web
Erste Allgemeine Schadenshilfe;Plateforme de réclamations / actions de masse;;;https://www.google.com/search?q=Erste+Allgemeine+Schadenshilfe+litigation+funding;Recherche web
Eskariam;Autre / non précisé;;;https://www.google.com/search?q=Eskariam+litigation+funding;Recherche web
Euromex;Assureur / courtier;;;https://www.google.com/search?q=Euromex+litigation+funding;Recherche web
Evest;Autre / non précisé;;;https://www.google.com/search?q=Evest+litigation+funding;Recherche web
ExActor Forderungsmanagement GmbH;Autre / non précisé;;;https://www.google.com/search?q=ExActor+Forderungsmanagement+GmbH+litigation+funding;Recherche web
fairesLeben ABC GmbH;Plateforme de réclamations / actions de masse;;;https://www.google.com/search?q=fairesLeben+ABC+GmbH+litigation+funding;Recherche web
Fideal;Autre / non précisé;;;https://www.google.com/search?q=Fideal+litigation+funding;Recherche web
FIG LLC (doing business as Fortress Investment Services);Hedge fund / fonds d'investissement;;;https://www.google.com/search?q=FIG+LLC+litigation+funding;Recherche web
Financiering Essure Claims CV (managed by Redbreast Associates NV);Plateforme de réclamations / actions de masse;;;https://www.google.com/search?q=Financiering+Essure+Claims+CV+litigation+funding;Recherche web
FINE Legal GmbH;Financeur de contentieux;;;https://www.google.com/search?q=FINE+Legal+GmbH+litigation+funding;Recherche web
Fisker;Autre / non précisé;;;https://www.google.com/search?q=Fisker+litigation+funding;Recherche web
flightright;Plateforme de réclamations / actions de masse;;;https://www.flightright.com;Site officiel
Foris AG;Financeur de contentieux;;;https://www.google.com/search?q=Foris+AG+litigation+funding;Recherche web
FourWorld Capital;Hedge fund / fonds d'investissement;;;https://www.google.com/search?q=FourWorld+Capital+litigation+funding;Recherche web
France Brevets;Brevets / propriété intellectuelle;;;https://www.google.com/search?q=France+Brevets+litigation+funding;Recherche web
Fulbrook;Financeur de contentieux;;;https://www.google.com/search?q=Fulbrook+litigation+funding;Recherche web
G&E SPG Funding LLC;Financeur de contentieux;;;https://www.google.com/search?q=G%26E+SPG+Funding+LLC+litigation+funding;Recherche web
gambleverluste.at (TS Prozessfinanzierungs GmbH);Plateforme de réclamations / actions de masse;;;https://www.google.com/search?q=gamble%02verluste.at+litigation+funding;Recherche web
Gamesright GmbH;Plateforme de réclamations / actions de masse;;;https://www.google.com/search?q=Gamesright+GmbH+litigation+funding;Recherche web
Gesellschaft für Freiheitsrechte;Financeur de contentieux;;;https://freiheitsrechte.org;Site officiel
Getright 24 GmbH;Plateforme de réclamations / actions de masse;;;https://www.google.com/search?q=Getright+24+GmbH+litigation+funding;Recherche web
GLS Capital;Hedge fund / fonds d'investissement;;;https://www.google.com/search?q=GLS+Capital+litigation+funding;Recherche web
Greg Coleman Law;Cabinet d'avocats;;;https://www.google.com/search?q=Greg+Coleman+Law+litigation+funding;Recherche web
HDI;Assureur / courtier;;;https://www.google.com/search?q=HDI+litigation+funding;Recherche web
Hereford Litigation;Financeur de contentieux;;;https://www.google.com/search?q=Hereford+Litigation+litigation+funding;Recherche web
HFS;Autre / non précisé;;;https://www.google.com/search?q=HFS+litigation+funding;Recherche web
Hilco Capital;Hedge fund / fonds d'investissement;;;https://www.google.com/search?q=Hilco+Capital+litigation+funding;Recherche web
HPG Prozessfinanzierung;Financeur de contentieux;;;https://www.google.com/search?q=HPG+Prozessfinanzierung+litigation+funding;Recherche web
ICEBERG IP Group;Brevets / propriété intellectuelle;;;https://www.google.com/search?q=ICEBERG+IP+Group+litigation+funding;Recherche web
Ignitis;Autre / non précisé;;;https://www.google.com/search?q=Ignitis+litigation+funding;Recherche web
IMF Bentham Capital;Financeur de contentieux;;;https://www.google.com/search?q=IMF+Bentham+Capital+litigation+funding;Recherche web
Inkaso d.o.o;Autre / non précisé;;;https://www.google.com/search?q=Inkaso+d.o.o+litigation+funding;Recherche web
International Securities Association & Foundations Management Company;Autre / non précisé;;;https://www.google.com/search?q=International+Securities+Association+%26+Foundations+Management+Company+litigation+funding;Recherche web
Inverlitis Legal Fund;Financeur de contentieux;;;https://www.google.com/search?q=Inverlitis+Legal+Fund+litigation+funding;Recherche web
IP Bridge;Brevets / propriété intellectuelle;;;https://www.google.com/search?q=IP+Bridge+litigation+funding;Recherche web
ISAF;Autre / non précisé;;;https://www.google.com/search?q=ISAF+litigation+funding;Recherche web
Iubel;Autre / non précisé;;;https://www.google.com/search?q=Iubel+litigation+funding;Recherche web
Jufina Prozessfinanzierung (Juno Finanz AG);Financeur de contentieux;;;https://www.google.com/search?q=Jufina+Prozessfinanzierung+litigation+funding;Recherche web
JuraPlus AG;Financeur de contentieux;;;https://www.google.com/search?q=JuraPlus+AG+litigation+funding;Recherche web
Jurfin GmbH;Financeur de contentieux;;;https://www.google.com/search?q=Jurfin+GmbH+litigation+funding;Recherche web
Juris;Cabinet d'avocats;;;https://www.google.com/search?q=Juris+litigation+funding;Recherche web
Just Legal Finance BV;Financeur de contentieux;;;https://www.google.com/search?q=Just+Legal+Finance+BV+litigation+funding;Recherche web
Justice4all;Plateforme de réclamations / actions de masse;;;https://www.google.com/search?q=Justice4all+litigation+funding;Recherche web
Kapatens Partners AB;Autre / non précisé;;;https://www.google.com/search?q=Kapatens+Partners+AB+litigation+funding;Recherche web
Kennedy Lewis Investment Management LLC;Hedge fund / fonds d'investissement;;;https://www.google.com/search?q=Kennedy+Lewis+Investment+Management+LLC+litigation+funding;Recherche web
Kerberos Capital Management;Hedge fund / fonds d'investissement;;;https://www.google.com/search?q=Kerberos+Capital+Management+litigation+funding;Recherche web
Klein-Unternehmen und Privatanlegern;Autre / non précisé;;;https://www.google.com/search?q=Klein-Unternehmen+und+Privatanlegern+litigation+funding;Recherche web
la Française AM;Hedge fund / fonds d'investissement;;;https://www.la-francaise.com;Site officiel
Law Capital;Financeur de contentieux;;;https://www.google.com/search?q=Law+Capital+litigation+funding;Recherche web
Law Finance Group;Hedge fund / fonds d'investissement;;;https://www.google.com/search?q=Law+Finance+Group+litigation+funding;Recherche web
LCM;Financeur de contentieux;;;https://www.lcmfinance.com;Site officiel
Legal Claims Holding AG;Plateforme de réclamations / actions de masse;;;https://www.google.com/search?q=Legal+Claims+Holding+AG+litigation+funding;Recherche web
LegalHelp (Verein für Gerechten Verbraucherschutz Österreich);Plateforme de réclamations / actions de masse;;;https://www.google.com/search?q=LegalHelp+litigation+funding;Recherche web
LEGALIST Prozessfinanzierungs GmbH;Financeur de contentieux;;;https://www.legalist.com;Site officiel
Legial AG;Autre / non précisé;;;https://www.google.com/search?q=Legial+AG+litigation+funding;Recherche web
Legis Capital BV;Financeur de contentieux;;;https://www.google.com/search?q=Legis+Capital+BV+litigation+funding;Recherche web
LEVANTIX Rechtsdienstleistungen GmbH;Financeur de contentieux;;;https://www.google.com/search?q=LEVANTIX+Rechtsdienstleistungen+GmbH+litigation+funding;Recherche web
Lexcapital;Financeur de contentieux;;;https://www.google.com/search?q=Lexcapital+litigation+funding;Recherche web
Lexdroit Internationa;Financeur de contentieux;;;https://www.google.com/search?q=Lexdroit+Internationa+litigation+funding;Recherche web
Lexfinance;Financeur de contentieux;;;https://www.google.com/search?q=Lexfinance+litigation+funding;Recherche web
LexShares;Financeur de contentieux;;;https://www.lexshares.com;Site officiel
LibraClaims (Libra Srl);Plateforme de réclamations / actions de masse;;;https://www.google.com/search?q=LibraClaims+litigation+funding;Recherche web
Liesker Legal;Cabinet d'avocats;;;https://www.google.com/search?q=Liesker+Legal+litigation+funding;Recherche web
Liesker Procesfinanciering BV;Financeur de contentieux;;;https://www.google.com/search?q=Liesker+Procesfinanciering+BV+litigation+funding;Recherche web
Lion Point Master Fund;Hedge fund / fonds d'investissement;;;https://www.google.com/search?q=Lion+Point+Master+Fund+litigation+funding;Recherche web
Lionfish;Autre / non précisé;;;https://www.google.com/search?q=Lionfish+litigation+funding;Recherche web
LIT-US Chisum;Autre / non précisé;;;https://www.google.com/search?q=LIT-US+Chisum+litigation+funding;Recherche web
LitFin;Autre / non précisé;;;https://www.google.com/search?q=LitFin+litigation+funding;Recherche web
Liti-Link AG;Autre / non précisé;;;https://www.google.com/search?q=Liti-Link+AG+litigation+funding;Recherche web
Litigation Funding Nederland;Financeur de contentieux;;;https://www.google.com/search?q=Litigation+Funding+Nederland+litigation+funding;Recherche web
Litigation Lending Services;Financeur de contentieux;;;https://www.google.com/search?q=Litigation+Lending+Services+litigation+funding;Recherche web
Litigation Partners (CH);Financeur de contentieux;;;https://www.google.com/search?q=Litigation+Partners+litigation+funding;Recherche web
Litigium Capital;Financeur de contentieux;;;https://www.google.com/search?q=Litigium+Capital+litigation+funding;Recherche web
Longford Capital Management;Financeur de contentieux;;;https://www.longfordcapital.com;Site officiel
Luminate;Autre / non précisé;;;https://www.google.com/search?q=Luminate+litigation+funding;Recherche web
LVA24 Prozessfinanzierung GmbH;Financeur de contentieux;;;https://www.google.com/search?q=LVA24+Prozessfinanzierung+GmbH+litigation+funding;Recherche web
M&S Prozessfinanzierung;Financeur de contentieux;;;https://www.google.com/search?q=M%26S+Prozessfinanzierung+litigation+funding;Recherche web
Magnetar Capital;Hedge fund / fonds d'investissement;;;https://www.magnetar.com;Site officiel
Marsh Funding;Assureur / courtier;;;https://www.google.com/search?q=Marsh+Funding+litigation+funding;Recherche web
meinprozess.com (R.M. Prozessfinanzierung GmbH);Financeur de contentieux;;;https://www.google.com/search?q=meinprozess.com+litigation+funding;Recherche web
Mirai Ventures;Hedge fund / fonds d'investissement;;;https://www.google.com/search?q=Mirai+Ventures+litigation+funding;Recherche web
Money back;Plateforme de réclamations / actions de masse;;;https://www.google.com/search?q=Money+back+litigation+funding;Recherche web
MS Prozessfinanz;Financeur de contentieux;;;https://www.google.com/search?q=MS+Prozessfinanz+litigation+funding;Recherche web
Neo Wireless;Brevets / propriété intellectuelle;;;https://www.google.com/search?q=Neo+Wireless+litigation+funding;Recherche web
Nera Capital;Financeur de contentieux;;;https://www.google.com/search?q=Nera+Capital+litigation+funding;Recherche web
Network System Technologies;Brevets / propriété intellectuelle;;;https://www.google.com/search?q=Network+System+Technologies+litigation+funding;Recherche web
Nivalion AG;Financeur de contentieux;;;https://www.nivalion.com;Site officiel
Northwall Capital;Hedge fund / fonds d'investissement;;;https://www.google.com/search?q=Northwall+Capital+litigation+funding;Recherche web
Novelty Capital Partners I LLC;Hedge fund / fonds d'investissement;;;https://www.google.com/search?q=Novelty+Capital+Partners+I+LLC+litigation+funding;Recherche web
Oak Hill Advisors L.P. (T. Rowe Price);Hedge fund / fonds d'investissement;;;https://www.oakhilladvisors.com;Site officiel
Obligatio GmbH;Financeur de contentieux;;;https://www.google.com/search?q=Obligatio+GmbH+litigation+funding;Recherche web
Office Value Fund NV;Financeur de contentieux;;;https://www.google.com/search?q=Office+Value+Fund+NV+litigation+funding;Recherche web
Option3 Cyber Investments LLC;Autre / non précisé;;;https://www.google.com/search?q=Option3+Cyber+Investments+LLC+litigation+funding;Recherche web
Orchard Global;Hedge fund / fonds d'investissement;;;https://www.google.com/search?q=Orchard+Global+litigation+funding;Recherche web
Orrow Prozessfinanzierung;Financeur de contentieux;;;https://www.google.com/search?q=Orrow+Prozessfinanzierung+litigation+funding;Recherche web
Padronus (Prozessfinanzallianz GmbH);Financeur de contentieux;;;https://www.google.com/search?q=Padronus+litigation+funding;Recherche web
Palmira Wireless;Brevets / propriété intellectuelle;;;https://www.google.com/search?q=Palmira+Wireless+litigation+funding;Recherche web
Parabellum Capital;Financeur de contentieux;;;https://www.google.com/search?q=Parabellum+Capital+litigation+funding;Recherche web
PatForce;Brevets / propriété intellectuelle;;;https://www.google.com/search?q=PatForce+litigation+funding;Recherche web
Pegasus Legal Capital LLC;Financeur de contentieux;;;https://www.google.com/search?q=Pegasus+Legal+Capital+LLC+litigation+funding;Recherche web
Pelufi;Autre / non précisé;;;https://www.google.com/search?q=Pelufi+litigation+funding;Recherche web
Pemberton;Hedge fund / fonds d'investissement;;;https://pembertonam.com;Site officiel
Penker Prozessfinanzierung KG;Financeur de contentieux;;;https://www.google.com/search?q=Penker+Prozessfinanzierung+KG+litigation+funding;Recherche web
PLA Litigation Funding;Financeur de contentieux;;;https://www.google.com/search?q=PLA+Litigation+Funding+litigation+funding;Recherche web
Plaza Group/Square Two Capital;Financeur de contentieux;;;https://www.google.com/search?q=Plaza+Group%2FSquare+Two+Capital+litigation+funding;Recherche web
Ploum & Liesker Procesfinanciering;Financeur de contentieux;;;https://www.google.com/search?q=Ploum+%26+Liesker+Procesfinanciering+litigation+funding;Recherche web
Polaric Partner GmbH;Autre / non précisé;;;https://www.google.com/search?q=Polaric+Partner+GmbH+litigation+funding;Recherche web
Pretium Capital;Hedge fund / fonds d'investissement;;;https://www.google.com/search?q=Pretium+Capital+litigation+funding;Recherche web
Privileg;Plateforme de réclamations / actions de masse;;;https://www.google.com/search?q=Privileg+litigation+funding;Recherche web
Profin Claims GmbH;Plateforme de réclamations / actions de masse;;;https://www.google.com/search?q=Profin+Claims+GmbH+litigation+funding;Recherche web
ProFina;Autre / non précisé;;;https://www.google.com/search?q=ProFina+litigation+funding;Recherche web
PROFIT Procesfinanciering;Financeur de contentieux;;;https://www.google.com/search?q=PROFIT+Procesfinanciering+litigation+funding;Recherche web
Prozess-Finanz.at;Financeur de contentieux;;;https://www.google.com/search?q=Prozess-Finanz.at+litigation+funding;Recherche web
PurpleVine IP;Brevets / propriété intellectuelle;;;https://www.google.com/search?q=PurpleVine+IP+litigation+funding;Recherche web
Qanlex;Financeur de contentieux;;;https://www.google.com/search?q=Qanlex+litigation+funding;Recherche web
R.M. Prozessfinanzierung GmbH;Financeur de contentieux;;;https://www.google.com/search?q=R.M.+Prozessfinanzierung+GmbH+litigation+funding;Recherche web
Ramco Litigation Funding;Financeur de contentieux;;;https://www.google.com/search?q=Ramco+Litigation+Funding+litigation+funding;Recherche web
Randolph Square;Autre / non précisé;;;https://www.google.com/search?q=Randolph+Square+litigation+funding;Recherche web
Redress Solutions;Autre / non précisé;;;https://www.google.com/search?q=Redress+Solutions+litigation+funding;Recherche web
Reunion Ventures BV;Hedge fund / fonds d'investissement;;;https://www.google.com/search?q=Reunion+Ventures+BV+litigation+funding;Recherche web
RightNow Prozessfinanzierung (Legal Claims Holding AG/RightNow GmbH);Plateforme de réclamations / actions de masse;;;https://www.google.com/search?q=RightNow+Prozessfinanzierung+litigation+funding;Recherche web
Robin Hood Claims Prozessfinanzierungs GmbH;Plateforme de réclamations / actions de masse;;;https://www.google.com/search?q=Robin+Hood+Claims+Prozessfinanzierungs+GmbH+litigation+funding;Recherche web
Rockmond Litigation Funding;Financeur de contentieux;;;https://www.google.com/search?q=Rockmond+Litigation+Funding+litigation+funding;Recherche web
RoundShield;Hedge fund / fonds d'investissement;;;https://www.google.com/search?q=RoundShield+litigation+funding;Recherche web
S2 Ventures;Hedge fund / fonds d'investissement;;;https://www.google.com/search?q=S2+Ventures+litigation+funding;Recherche web
Sauvegarder Investment Management LLC;Hedge fund / fonds d'investissement;;;https://www.google.com/search?q=Sauvegarder+Investment+Management+LLC+litigation+funding;Recherche web
Signal Capital Partners;Hedge fund / fonds d'investissement;;;https://www.google.com/search?q=Signal+Capital+Partners+litigation+funding;Recherche web
SLB Verwaltungsgesellschaft mbH;Autre / non précisé;;;https://www.google.com/search?q=SLB+Verwaltungsgesellschaft+mbH+litigation+funding;Recherche web
Slingshot Capital;Financeur de contentieux;;;https://www.google.com/search?q=Slingshot+Capital+litigation+funding;Recherche web
Solvantis AG;Autre / non précisé;;;https://www.google.com/search?q=Solvantis+AG+litigation+funding;Recherche web
Soryn IP Group LLC;Brevets / propriété intellectuelle;;;https://www.google.com/search?q=Soryn+IP+Group+LLC+litigation+funding;Recherche web
Spreefels;Autre / non précisé;;;https://www.google.com/search?q=Spreefels+litigation+funding;Recherche web
Starboard Value;Hedge fund / fonds d'investissement;;;https://www.starboardvalue.com;Site officiel
Stonward Litigation Finance;Financeur de contentieux;;;https://www.google.com/search?q=Stonward+Litigation+Finance+litigation+funding;Recherche web
Synchronicity IP GmbH;Brevets / propriété intellectuelle;;;https://www.google.com/search?q=Synchronicity+IP+GmbH+litigation+funding;Recherche web
Systema Capita;Autre / non précisé;;;https://www.google.com/search?q=Systema+Capita+litigation+funding;Recherche web
Techumseh Alternatives;Hedge fund / fonds d'investissement;;;https://www.google.com/search?q=Techumseh+Alternatives+litigation+funding;Recherche web
Tenadio;Autre / non précisé;;;https://www.google.com/search?q=Tenadio+litigation+funding;Recherche web
Tenor Capital;Hedge fund / fonds d'investissement;;;https://www.google.com/search?q=Tenor+Capital+litigation+funding;Recherche web
Third Point;Hedge fund / fonds d'investissement;;;https://www.thirdpoint.com;Site officiel
Tilia Finance LP (part of Orchard Global Capital Group);Hedge fund / fonds d'investissement;;;https://www.google.com/search?q=Tilia+Finance+LP+litigation+funding;Recherche web
Titan Beta GmbH;Autre / non précisé;;;https://www.google.com/search?q=Titan+Beta+GmbH+litigation+funding;Recherche web
TKL Forensische Dienstleistungen GmbH;Autre / non précisé;;;https://www.google.com/search?q=TKL+Forensische+Dienstleistungen+GmbH+litigation+funding;Recherche web
Tom Orrow Prozessfinanzierung GmbH;Financeur de contentieux;;;https://www.google.com/search?q=Tom+Orrow+Prozessfinanzierung+GmbH+litigation+funding;Recherche web
TransAtlantis;Autre / non précisé;;;https://www.google.com/search?q=TransAtlantis+litigation+funding;Recherche web
TRGP Capital;Hedge fund / fonds d'investissement;;;https://www.google.com/search?q=TRGP+Capital+litigation+funding;Recherche web
TS Prozessfinanzierungs GmbH;Financeur de contentieux;;;https://www.google.com/search?q=TS+Prozessfinanzierungs+GmbH+litigation+funding;Recherche web
Ultima Ratio;Autre / non précisé;;;https://www.google.com/search?q=Ultima+Ratio+litigation+funding;Recherche web
Unilegion;Autre / non précisé;;;https://www.google.com/search?q=Unilegion+litigation+funding;Recherche web
Valar Finanzgruppe GmbH;Financeur de contentieux;;;https://www.google.com/search?q=Valar+Finanzgruppe+GmbH+litigation+funding;Recherche web
Validity;Autre / non précisé;;;https://www.google.com/search?q=Validity+litigation+funding;Recherche web
Vannin Capital;Financeur de contentieux;;;https://www.google.com/search?q=Vannin+Capital+litigation+funding;Recherche web
Vector Capital;Hedge fund / fonds d'investissement;;;https://www.google.com/search?q=Vector+Capital+litigation+funding;Recherche web
Viaright;Plateforme de réclamations / actions de masse;;;https://www.google.com/search?q=Viaright+litigation+funding;Recherche web
Windward;Autre / non précisé;;;https://www.google.com/search?q=Windward+litigation+funding;Recherche web
Xclaim / VerbraucherFux;Plateforme de réclamations / actions de masse;;;https://www.google.com/search?q=Xclaim+%2F+VerbraucherFux+litigation+funding;Recherche web
Yieldstreet;Hedge fund / fonds d'investissement;;;https://www.yieldstreet.com;Site officiel
Youleegal GmbH;Plateforme de réclamations / actions de masse;;;https://www.google.com/search?q=Youleegal+GmbH+litigation+funding;Recherche web
